Unnamed: 0,v,vw,o,c,h,l,t,n,date,UnderlyingPrice,ClosePrice,OpenPrice
0.0,46154,2.1385,1.58,2.59,4.18,1.03,1642482000000,6807,2022-01-18,459,456.98,459.09
1.0,243023,1.082,1.04,3.88,4.56,0.36,1642568400000,31997,2022-01-19,456,451.75,456.395
2.0,218803,1.4747,0.97,3.91,4.51,0.4,1642741200000,28234,2022-01-21,442,437.61,442.81
,219380,2.3575,1.67,0.01,7.71,0.01,1643000400000,31118,2022-01-24,428,440.17,428.64
,89672,2.9918,3.01,6.36,10.23,1.13,1643173200000,14302,2022-01-26,439,433.24,439.1799
,259843,1.1205,1.71,0.01,4.07,0.01,1643346000000,32289,2022-01-28,430,441.41,430.76
,186036,1.0418,4.06,0.01,5.07,0.01,1643605200000,21297,2022-01-31,444,448.58,444.37
,307967,0.8962,1.1,0.3,2.07,0.01,1643778000000,33457,2022-02-02,454,454.38,454.18
,179869,1.2245,2.1,0.01,3.18,0.01,1643950800000,19488,2022-02-04,446,448.05,446.08
,186814,1.2385,1.69,1.0,3.15,0.16,1644210000000,22087,2022-02-07,449,447.95,449.81
,334437,0.7129,1.48,0.01,1.58,0.01,1644382800000,33701,2022-02-09,455,457.69,455.93
,112039,2.2399,1.99,8.4,10.0,1.11,1644555600000,19310,2022-02-11,449,441.47,449.72
,214082,1.4738,1.98,0.07,3.4,0.04,1644814800000,32417,2022-02-14,438,439.1,438.93
,202336,1.2629,2.09,0.01,2.43,0.01,1644987600000,24355,2022-02-16,443,446.16,443.29
,163816,1.7984,1.68,1.41,4.49,0.67,1645160400000,23529,2022-02-18,436,434.1,436.87
,31660,3.6161,4.1,3.75,9.15,1.83,1645506000000,4798,2022-02-22,435,430.87,435.44
,160741,1.8134,0.81,5.67,6.58,0.56,1645592400000,25446,2022-02-23,428,421.16,428.36
,78962,1.0808,3.29,0.01,4.09,0.01,1645765200000,9698,2022-02-25,431,437.78,431.86
,190208,1.3863,3.07,0.01,3.1,0.01,1646024400000,25402,2022-02-28,432,436.75,432.93
,108103,1.2389,3.38,0.01,3.75,0.01,1646197200000,14025,2022-03-02,434,437.05,434.34
,174996,1.3794,1.61,0.01,2.65,0.01,1646370000000,26815,2022-03-04,429,431.78,429.81
,81339,2.0999,0.71,7.23,7.5,0.68,1646629200000,12996,2022-03-07,426,418.34,426.08
,89699,3.4926,4.37,3.83,8.0,1.87,1670994000000,12588,2022-12-14,404,400.37,404.11
,132292,1.4675,0.61,1.75,3.26,0.4,1671080400000,21346,2022-12-15,391,389.18,391.14
,346798,0.9962,0.86,0.01,1.65,0.01,1671166800000,43918,2022-12-16,382,382.73,382.64
,126499,1.5292,1.19,3.03,4.7,0.77,1671426000000,21858,2022-12-19,383,379.75,383.53
,318206,0.8405,2.54,0.62,3.5,0.14,1671512400000,37793,2022-12-20,381,380.99,381.48
,347220,0.4547,2.34,0.01,2.79,0.01,1671598800000,38561,2022-12-21,385,386.88,385.15
,271886,0.8583,0.3,0.01,4.29,0.01,1671685200000,38290,2022-12-22,379,380.54,379.485
,253524,0.6925,2.38,0.01,3.62,0.01,1671771600000,35274,2022-12-23,381,382.63,381.41
,312801,0.9366,1.09,0.4,2.82,0.2,1672117200000,42968,2022-12-27,382,381.5,382.4
,233065,0.9683,0.8,3.12,3.5,0.24,1672203600000,36154,2022-12-28,380,377.04,380.65
,278521,0.5064,2.85,0.01,3.24,0.01,1672290000000,33841,2022-12-29,382,383.08,382.3184
,481954,0.9171,1.3,0.01,2.01,0.01,1672376400000,63757,2022-12-30,380,383.04,380.81
,291863,0.889,0.37,0.09,2.44,0.02,1672722000000,42051,2023-01-03,380,380.69,380.89
,208380,0.7208,0.94,0.01,2.33,0.01,1672808400000,34029,2023-01-04,381,383.42,381.66
,394780,0.9621,0.96,0.51,2.15,0.16,1672894800000,57431,2023-01-05,380,379.76,380.235
,177550,0.7781,1.67,0.01,3.3,0.01,1672981200000,24858,2023-01-06,382,387.78,382.93
,298514,0.7648,1.68,3.83,3.83,0.16,1673240400000,37938,2023-01-09,391,387.79,391.4201
,327705,0.8998,1.98,0.01,2.28,0.01,1673326800000,47960,2023-01-10,388,390.62,388.26
,367596,0.6573,1.67,0.01,2.01,0.01,1673413200000,43036,2023-01-11,393,395.68,393.05
,335387,0.771,1.35,0.01,3.41,0.01,1673499600000,37637,2023-01-12,395,396.92,395.92
,324715,0.6981,2.94,0.01,3.11,0.01,1673586000000,37918,2023-01-13,396,398.6,396.5
,152517,1.0839,1.5,1.3,2.21,0.57,1673931600000,26777,2023-01-17,399,,399.71
,146279,1.2472,1.2,7.42,7.94,0.56,1674018000000,26673,2023-01-18,399,391.47,399.44
,397930,0.8716,1.32,0.23,2.08,0.03,1674104400000,49646,2023-01-19,389,389.14,389.06
,402169,0.5245,1.31,0.01,2.36,0.01,1674190800000,44338,2023-01-20,390,395.85,390.95
,330442,0.4725,2.67,0.01,3.35,0.01,1674450000000,34068,2023-01-23,399,400.72,399.235
,302721,0.7506,1.51,0.01,2.19,0.01,1674536400000,43199,2023-01-24,399,400.95,399.28
,306994,0.6571,0.77,0.02,1.4,0.01,1674622800000,46020,2023-01-25,394,400.08,394.84
,295289,0.8486,0.98,0.01,2.5,0.01,1674709200000,39636,2023-01-26,402,404.07,402.69
,400966,0.6683,2.2,0.01,2.32,0.01,1674795600000,40832,2023-01-27,405,405.65,405.729
,307987,1.0824,1.55,1.85,2.65,0.52,1675054800000,47895,2023-01-30,403,401.33,403.91
,330615,0.5766,1.95,0.01,2.08,0.01,1675141200000,38363,2023-01-31,402,405.95,402.7
,142115,1.827,2.51,0.01,3.69,0.01,1675227600000,22460,2023-02-01,405,411.63,405.58
,280701,0.8531,1.24,0.45,2.23,0.04,1675314000000,34267,2023-02-02,414,414.0,414.68
,218013,1.1488,3.13,1.91,3.26,0.3,1675400400000,28353,2023-02-03,414,412.19,414.99
,342047,0.4015,0.73,0.01,1.12,0.01,1675659600000,42472,2023-02-06,408,410.02,408.7399
,268374,0.7747,1.52,0.03,1.73,0.01,1675746000000,32867,2023-02-07,408,414.33,408.63
,183059,1.4403,1.43,2.58,3.13,0.67,1675832400000,25830,2023-02-08,413,411.0,413.35
,211132,1.154,0.59,5.0,6.0,0.52,1675918800000,31812,2023-02-09,412,407.68,412.28
,341117,1.0556,2.22,0.01,2.73,0.01,1676005200000,41981,2023-02-10,407,407.96,407.5899
,399076,0.4648,2.12,0.01,2.45,0.01,1676264400000,45751,2023-02-13,410,412.91,410.92
,229249,0.9469,3.0,0.81,4.58,0.1,1676350800000,21014,2023-02-14,413,412.2,413.38
,340004,0.6194,1.32,0.01,1.56,0.01,1676437200000,42421,2023-02-15,410,414.1,410.85
,330746,0.6775,2.22,1.89,2.53,0.05,1676523600000,37457,2023-02-16,410,407.96,410.51
,501984,0.9575,1.21,0.01,2.05,0.01,1676610000000,61240,2023-02-17,405,407.07,405.89
,219983,1.0344,0.63,1.74,2.29,0.34,1676955600000,32165,2023-02-21,401,399.37,401.72
,454474,0.6859,1.01,0.07,1.59,0.03,1677042000000,54289,2023-02-22,398,399.4,398.41
,205376,1.0338,1.1,0.45,4.7,0.21,1677128400000,29489,2023-02-23,401,400.32,401.05
,353200,0.7559,1.02,0.01,1.5,0.01,1677214800000,53749,2023-02-24,394,396.3,394.29
,195486,1.2445,1.44,2.06,3.22,0.65,1677474000000,30576,2023-02-27,400,398.04,400.68
,518221,0.6706,1.12,1.3,1.55,0.08,1677560400000,66586,2023-02-28,397,395.89,397.21
,466324,0.5601,0.82,0.01,1.37,0.01,1677646800000,63590,2023-03-01,394,395.16,394.61
,345559,0.7492,2.09,0.01,2.3,0.01,1677733200000,45003,2023-03-02,394,397.53,394.03
,270474,0.6826,2.0,0.01,2.43,0.01,1677819600000,32707,2023-03-03,401,404.44,401.36
,336969,0.7765,1.62,1.5,1.97,0.27,1678078800000,45292,2023-03-06,406,,406.64
,199207,1.2542,0.6,3.4,3.4,0.51,1678165200000,29510,2023-03-07,401,398.3,401.69
,470437,0.8833,1.24,0.01,1.94,0.01,1678251600000,65644,2023-03-08,398,399.16,398.63
,272331,1.0794,1.37,9.0,9.33,0.55,1678338000000,44461,2023-03-09,400,391.45,400.12
,349308,1.3389,0.9,2.2,3.95,0.18,1678424400000,50852,2023-03-10,388,387.51,388.87
,144882,0.9849,3.15,0.01,3.9,0.01,1678680000000,21765,2023-03-13,383,386.0,383.97
,272594,1.2404,2.9,0.89,4.94,0.22,1678766400000,38850,2023-03-14,392,392.0,392.23
,391576,1.1355,1.02,0.01,2.3,0.01,1678852800000,56138,2023-03-15,385,389.1,385.66
,185758,0.9123,2.19,0.01,2.46,0.01,1678939200000,26192,2023-03-16,387,396.13,387.84
,202003,1.359,0.95,0.85,3.01,0.44,1679025600000,27861,2023-03-17,391,390.12,391.2101
,321823,0.8635,2.76,0.01,3.04,0.01,1679284800000,46669,2023-03-20,392,393.93,392.37
,449384,0.6429,0.91,0.01,1.25,0.01,1679371200000,63257,2023-03-21,396,398.96,396.44
,158745,2.1222,2.92,6.45,7.0,0.41,1679457600000,22151,2023-03-22,399,392.35,399.74
,370466,1.051,2.17,3.04,5.62,0.34,1679544000000,49726,2023-03-23,396,394.33,396.69
,220368,1.2625,2.04,0.01,3.5,0.01,1679630400000,28172,2023-03-24,392,396.5,392.42
,361911,0.8724,1.04,0.32,2.0,0.15,1679889600000,48487,2023-03-27,397,396.92,397.14
,514352,0.8439,1.1,0.01,1.59,0.01,1679976000000,69897,2023-03-28,395,396.18,395.89
,513468,0.5667,0.8,0.01,1.15,0.01,1680062400000,72017,2023-03-29,399,401.31,399.49
,603527,0.6412,0.68,0.01,1.42,0.01,1680148800000,71592,2023-03-30,403,403.96,403.82
,584730,0.4163,1.18,0.01,1.23,0.01,1680235200000,65335,2023-03-31,405,409.52,405.66
,128850,1.0127,2.38,0.06,2.73,0.06,1680494400000,14881,2023-04-03,411,410.9,411.2
,332426,0.9074,0.44,1.21,2.83,0.29,1680580800000,45300,2023-04-04,410,408.97,410.49
,490612,0.674,0.78,0.01,1.46,0.01,1680667200000,70898,2023-04-05,407,407.43,407.24
,368082,0.5287,0.82,0.01,1.25,0.01,1680753600000,51835,2023-04-06,406,409.01,406.83
,313076,0.4843,0.88,0.01,1.19,0.01,1681099200000,43626,2023-04-10,406,409.89,406.5
,418313,0.595,0.88,0.16,1.52,0.03,1681185600000,45285,2023-04-11,410,409.8,410.01
,255710,1.0907,0.93,3.1,3.55,0.43,1681272000000,33219,2023-04-12,411,407.77,411.55
,392849,0.4883,1.34,0.01,1.72,0.01,1681358400000,45933,2023-04-13,410,413.0,410.74
,467795,0.7783,0.75,0.01,2.07,0.01,1681444800000,52019,2023-04-14,412,413.36,412.35
,543808,0.6042,0.82,0.01,1.19,0.01,1681704000000,69276,2023-04-17,412,413.95,412.75
,497507,0.4436,0.2,0.01,1.0,0.01,1681790400000,59642,2023-04-18,413,414.14,413.51
,355438,0.3681,0.92,0.01,0.93,0.01,1681876800000,42548,2023-04-19,412,413.7,412.99
,487321,0.6137,1.46,0.12,1.75,0.05,1681963200000,57024,2023-04-20,412,411.93,412.23
,477227,0.7567,0.93,0.04,2.08,0.03,1682049600000,52273,2023-04-21,412,411.97,412.06
,507568,0.5955,0.87,0.03,1.56,0.01,1682308800000,62441,2023-04-24,412,412.35,412.96
,316785,0.8473,0.41,1.47,3.0,0.25,1682395200000,41898,2023-04-25,409,407.7,409.67
,428326,0.5698,0.58,0.19,1.25,0.1,1682481600000,53411,2023-04-26,405,405.36,405.38
,260045,0.6343,1.56,0.01,1.69,0.01,1682568000000,31509,2023-04-27,408,412.8,408.195
,441934,0.591,2.53,0.01,2.66,0.01,1682654400000,49615,2023-04-28,414,416.0,414.695
,544254,0.5233,1.22,0.4,1.22,0.14,1682913600000,68281,2023-05-01,416,415.05,416.0
,421936,0.5927,0.06,0.01,2.47,0.01,1683000000000,41315,2023-05-02,410,410.51,410.975
,211225,1.5453,1.84,2.16,3.2,0.38,1683086400000,34706,2023-05-03,411,406.93,411.43
,360350,0.7238,0.64,0.25,1.54,0.01,1683172800000,51337,2023-05-04,404,404.9,404.03
,365645,0.5466,1.92,0.01,2.12,0.01,1683259200000,48718,2023-05-05,410,412.36,410.8
,318774,0.3069,0.38,0.01,0.64,0.01,1683518400000,43313,2023-05-08,411,412.61,411.85
,463906,0.5329,0.9,0.07,1.14,0.03,1683604800000,58733,2023-05-09,411,411.06,411.3
,298256,0.8634,0.53,0.01,3.14,0.01,1683691200000,36583,2023-05-10,412,412.86,412.12
,418686,0.5221,0.52,0.01,1.11,0.01,1683777600000,54271,2023-05-11,410,412.32,410.89
,319130,0.7162,0.26,0.03,2.03,0.03,1683864000000,40436,2023-05-12,411,411.09,411.97
,464938,0.4945,0.54,0.01,1.35,0.01,1684123200000,61996,2023-05-15,411,412.73,411.015
,567219,0.5156,0.6,0.4,1.06,0.09,1684209600000,71251,2023-05-16,411,410.74,411.81
,347570,0.4442,0.44,0.01,1.09,0.01,1684296000000,47781,2023-05-17,411,415.07,411.73
,438095,0.5037,1.59,0.01,1.81,0.01,1684382400000,47278,2023-05-18,416,419.6,416.89
,309182,1.2082,0.94,1.69,2.97,0.75,1684468800000,41749,2023-05-19,420,417.99,420.55
,542591,0.6471,1.17,0.16,2.08,0.09,1684728000000,62090,2023-05-22,419,,419.15
,586328,0.7512,1.03,2.6,3.38,0.29,1684814400000,59782,2023-05-23,417,414.32,417.73
,579496,0.6193,0.48,0.03,1.13,0.03,1684900800000,62567,2023-05-24,410,413.48,410.66
,411423,0.6498,0.8,0.01,1.58,0.01,1684987200000,48074,2023-05-25,413,414.49,413.16
,392687,0.6098,3.78,0.01,3.96,0.01,1685073600000,42185,2023-05-26,419,420.55,419.2
,728206,0.6331,0.43,0.04,1.45,0.04,1685419200000,65647,2023-05-30,420,420.18,420.69
,370599,0.4411,0.41,0.01,0.82,0.01,1685505600000,38285,2023-05-31,416,417.64,416.88
,218087,0.5542,0.98,0.01,1.69,0.01,1685592000000,25972,2023-06-01,418,422.13,418.01
,311659,0.6235,1.24,0.01,1.71,0.01,1685678400000,38043,2023-06-02,425,427.9,425.51
,474279,0.3213,0.49,0.04,1.22,0.03,1685937600000,46588,2023-06-05,427,427.05,427.885
,563302,0.488,1.06,0.01,1.53,0.01,1686024000000,56894,2023-06-06,427,428.27,427.43
,331432,0.814,0.7,1.4,1.99,0.32,1686110400000,42218,2023-06-07,428,426.52,428.38
,343734,0.401,1.11,0.01,1.58,0.01,1686196800000,39362,2023-06-08,427,429.13,427.4
,270637,0.874,1.36,0.84,2.26,0.41,1686283200000,36404,2023-06-09,431,429.91,431.79
,428333,0.3647,0.57,0.01,0.81,0.01,1686542400000,49846,2023-06-12,430,434.04,430.74
,452888,0.4168,1.07,0.01,1.24,0.01,1686628800000,49112,2023-06-13,435,436.81,435.7
,199056,1.1587,1.71,0.03,3.77,0.03,1686715200000,28300,2023-06-14,437,437.65,437.715
,322335,0.4724,2.9,0.01,3.0,0.01,1686801600000,30755,2023-06-15,439,442.15,439.48
,220462,1.2192,0.77,2.3,3.0,0.5,1686888000000,26985,2023-06-16,442,439.7,442.4
,291997,0.3222,0.23,0.01,0.89,0.01,1687233600000,36520,2023-06-20,435,436.98,435.3
,502810,0.5936,0.52,0.04,1.29,0.01,1687320000000,61201,2023-06-21,435,434.93,435.35
,424135,0.5394,1.63,0.01,1.77,0.01,1687406400000,45306,2023-06-22,435,436.7,435.59
,530213,0.4104,1.0,0.05,1.15,0.01,1687492800000,54160,2023-06-23,433,433.04,433.675
,395993,0.6797,1.13,1.15,1.78,0.26,1687752000000,50327,2023-06-26,433,431.8,433.99
,311292,0.3848,0.75,0.01,0.87,0.01,1687838400000,40008,2023-06-27,432,435.81,432.81
,564501,0.3582,0.82,0.01,1.16,0.01,1687924800000,50571,2023-06-28,435,436.59,435.53
,339070,0.3653,0.94,0.01,1.17,0.01,1688011200000,42255,2023-06-29,436,438.12,436.69
,392333,0.5702,1.96,0.16,2.17,0.02,1688097600000,39386,2023-06-30,443,442.85,443.0
,294024,0.2845,0.8,0.01,0.95,0.01,1688356800000,29809,2023-07-03,443,443.95,443.49
,500400,0.4227,1.42,0.01,1.5,0.01,1688529600000,54437,2023-07-05,443,443.03,443.48
,263897,0.4571,0.29,0.01,0.86,0.01,1688616000000,29769,2023-07-06,437,439.51,437.73
,313355,0.3511,1.26,0.05,1.36,0.01,1688702400000,34805,2023-07-07,439,438.85,439.475
,398838,0.6115,1.38,0.01,1.58,0.01,1688961600000,43280,2023-07-10,439,439.61,439.27
,460459,0.3778,0.75,0.01,1.15,0.01,1689048000000,48787,2023-07-11,440,442.36,440.26
,225011,0.9846,1.43,0.86,2.21,0.54,1689134400000,28385,2023-07-12,447,446.09,447.22
,234941,0.2151,0.52,0.01,0.73,0.01,1689220800000,27166,2023-07-13,447,449.16,447.88
,463106,0.6394,0.73,0.98,1.45,0.28,1689307200000,54337,2023-07-14,450,448.82,450.43
,303455,0.2744,0.8,0.01,0.8,0.01,1689566400000,35450,2023-07-17,449,450.41,449.85
,284318,0.3102,1.1,0.01,1.39,0.01,1689652800000,26328,2023-07-18,451,453.77,451.65
,410594,0.5101,0.85,0.13,1.04,0.06,1689739200000,45708,2023-07-19,455,455.05,455.8
,553360,0.4716,0.41,0.72,1.55,0.09,1689825600000,56228,2023-07-20,453,452.34,453.49
,479060,0.2526,0.35,0.01,0.8,0.01,1689912000000,49856,2023-07-21,452,452.19,452.3
,531100,0.4587,1.22,0.01,1.59,0.01,1690171200000,57931,2023-07-24,454,454.37,454.13
,335366,0.3969,1.16,0.02,1.23,0.01,1690257600000,39064,2023-07-25,454,456.33,454.745
,316050,0.746,1.29,0.01,1.36,0.01,1690344000000,37601,2023-07-26,454,455.2,454.72
,368402,0.4853,0.25,4.16,5.4,0.1,1690430400000,39190,2023-07-27,457,452.91,457.7
,623724,0.4521,1.04,0.01,1.4,0.01,1690516800000,67529,2023-07-28,456,456.9,456.395
,478299,0.608,0.77,0.01,1.14,0.01,1690776000000,58697,2023-07-31,457,457.92,457.7
,357751,0.2558,0.47,0.01,0.59,0.01,1690862400000,35531,2023-08-01,455,456.26,455.93
,400651,0.7373,0.34,0.6,1.69,0.24,1690948800000,43211,2023-08-02,451,449.98,451.97
,287274,0.4535,0.87,0.01,1.89,0.01,1691035200000,34308,2023-08-03,447,449.27,447.43
,425019,0.6572,0.9,3.0,3.66,0.07,1691121600000,47092,2023-08-04,450,446.73,450.43
,459733,0.544,1.16,0.01,1.58,0.01,1691380800000,54961,2023-08-07,449,450.91,449.62
,382007,0.6607,0.43,0.01,1.46,0.01,1691467200000,46095,2023-08-08,446,448.7,446.1801
,433966,0.7706,0.59,1.65,3.1,0.2,1691553600000,50534,2023-08-09,448,446.43,448.45
,223678,1.1912,2.4,4.2,5.25,0.53,1691640000000,26629,2023-08-10,450,,450.955
,270515,1.1181,2.54,0.06,3.01,0.06,1691726400000,28195,2023-08-11,446,445.81,446.06
,289514,0.3796,1.31,0.01,1.43,0.01,1691985600000,36209,2023-08-14,445,448.08,445.9099
,475117,0.6749,0.4,1.08,1.77,0.25,1692072000000,60685,2023-08-15,444,442.89,444.035
,389423,0.9579,1.44,3.1,3.6,0.46,1692158400000,47265,2023-08-16,443,439.66,443.375
,426135,1.0844,0.73,3.64,4.22,0.49,1692244800000,54402,2023-08-17,440,435.8,440.15
,362954,0.3945,1.01,0.01,1.24,0.01,1692331200000,38434,2023-08-18,433,436.05,433.88
,325335,0.5192,0.6,0.01,1.32,0.01,1692590400000,42480,2023-08-21,436,,436.65
,468550,0.8491,0.37,0.89,1.64,0.24,1692676800000,53639,2023-08-22,439,438.2,439.59
,271750,0.5341,1.7,0.04,1.81,0.03,1692763200000,36524,2023-08-23,440,445.72,440.89
,239419,0.9817,0.31,5.03,5.52,0.21,1692849600000,29742,2023-08-24,442,436.76,442.16
,370386,0.8315,0.95,0.01,2.61,0.01,1692936000000,45368,2023-08-25,437,439.81,437.59
,185623,1.1038,1.48,0.22,2.25,0.16,1693195200000,23767,2023-08-28,443,,443.17
,306742,0.4865,2.5,0.01,2.67,0.01,1693281600000,31847,2023-08-29,445,449.32,445.98
,365826,0.3806,0.85,0.01,1.11,0.01,1693368000000,43025,2023-08-30,449,451.3,449.29
,431170,0.8602,1.27,1.24,1.76,0.36,1693454400000,47145,2023-08-31,452,450.56,452.67
,218333,1.0324,0.65,0.95,2.38,0.47,1693540800000,29778,2023-09-01,452,450.82,452.71
,445545,0.3189,0.34,0.01,0.78,0.01,1693886400000,54246,2023-09-05,449,449.05,449.89
,437914,0.6348,0.23,0.05,2.25,0.04,1693972800000,53166,2023-09-06,446,446.06,446.095
,371576,0.4879,0.96,0.01,1.18,0.01,1694059200000,48103,2023-09-07,443,445.01,443.19
,458092,0.6445,1.66,0.13,1.72,0.11,1694145600000,52680,2023-09-08,446,445.68,446.86
,434118,0.4485,0.43,0.01,0.98,0.01,1694404800000,51356,2023-09-11,447,448.25,447.8
,510284,0.3078,0.47,0.06,0.69,0.03,1694491200000,55099,2023-09-12,446,445.99,446.63
,607426,0.4497,0.92,0.01,1.38,0.01,1694577600000,71883,2023-09-13,446,446.86,446.115
,481092,0.3767,0.48,0.01,0.93,0.01,1694664000000,54355,2023-09-14,448,450.7,448.53
,239977,0.9976,0.55,2.3,3.0,0.41,1694750400000,33765,2023-09-15,446,443.47,446.0
,483248,0.3521,0.91,0.01,1.14,0.01,1695009600000,50902,2023-09-18,443,443.76,443.37
,409322,0.5079,0.3,0.01,1.26,0.01,1695096000000,47418,2023-09-19,441,442.81,441.625
,236046,1.1339,0.99,4.76,4.99,0.68,1695182400000,36342,2023-09-20,443,438.24,443.8
,545711,0.7073,0.53,2.75,2.95,0.3,1695268800000,54586,2023-09-21,434,431.01,434.69
,608074,0.6915,0.95,1.24,2.0,0.08,1695355200000,60112,2023-09-22,432,430.43,432.765
,379464,0.5691,1.31,0.01,1.44,0.01,1695614400000,44250,2023-09-25,429,432.55,429.52
,423772,0.8319,0.58,0.54,1.99,0.29,1695700800000,50834,2023-09-26,427,426.42,427.93
,357302,0.9568,0.78,0.03,3.72,0.02,1695787200000,48239,2023-09-27,426,426.67,426.82
,260537,0.6497,1.8,0.01,2.12,0.01,1695873600000,33086,2023-09-28,426,428.92,426.38
,346015,1.2287,0.73,2.25,4.06,0.54,1695960000000,44780,2023-09-29,430,427.73,430.35
,412325,0.7739,1.06,0.01,1.87,0.01,1696219200000,48666,2023-10-02,426,427.5,426.79
,303564,0.9686,0.38,0.3,2.02,0.16,1696305600000,40676,2023-10-03,422,421.2803,422.52
,336340,0.438,0.66,0.01,1.0,0.01,1696392000000,45185,2023-10-04,420,424.18,420.615
,371420,0.8049,0.79,0.01,2.2,0.01,1696478400000,49761,2023-10-05,423,424.22,423.42
,249208,0.7936,1.71,0.01,2.18,0.01,1696564800000,29374,2023-10-06,422,429.8,422.99
,278614,0.7458,1.57,0.01,1.64,0.01,1696824000000,29172,2023-10-09,428,432.18,428.32
,420672,0.6683,2.4,0.45,2.76,0.2,1696910400000,47011,2023-10-10,435,434.48,435.05
,325578,0.9802,0.95,0.01,2.03,0.01,1696996800000,46355,2023-10-11,435,437.3,435.025
,351008,0.8128,0.54,1.18,3.77,0.16,1697083200000,50979,2023-10-12,435,433.74,435.92
,209027,1.2257,0.92,3.11,4.15,0.46,1697169600000,34218,2023-10-13,434,430.93,434.445
,422516,0.5604,1.96,0.01,2.08,0.01,1697428800000,52801,2023-10-16,435,436.39,435.92
,337777,0.4939,1.93,0.01,2.19,0.01,1697515200000,40357,2023-10-17,434,435.81,434.675
,331403,1.1739,0.84,2.09,3.9,0.53,1697601600000,48429,2023-10-18,433,430.73,433.55
,434070,1.0284,0.79,3.35,3.36,0.01,1697688000000,50643,2023-10-19,429,425.92,429.01
,427012,1.0109,0.53,2.11,2.23,0.38,1697774400000,52412,2023-10-20,423,420.9,423.35
,319134,0.6257,1.65,0.01,2.86,0.01,1698033600000,40056,2023-10-23,420,421.41,420.81
,188244,1.2898,2.18,0.24,3.4,0.04,1698120000000,21881,2023-10-24,424,423.5,424.42
,272684,1.0067,0.38,0.98,2.27,0.01,1698206400000,39297,2023-10-25,419,417.7,419.3
,302274,1.3032,0.99,1.4,3.4,0.4,1698292800000,40965,2023-10-26,415,412.87,415.4
,330411,1.2764,1.02,2.28,3.78,0.56,1698379200000,45619,2023-10-27,413,410.62,413.01
,360162,0.5153,0.77,0.01,1.12,0.01,1698638400000,49065,2023-10-30,412,415.43,412.99
,472922,0.6417,0.82,0.01,1.62,0.01,1698724800000,58843,2023-10-31,415,417.4,415.74
,161567,1.2558,2.69,0.01,3.16,0.01,1698811200000,20272,2023-11-01,421,422.84,421.16
,315368,0.6289,1.94,0.01,1.97,0.01,1698897600000,36565,2023-11-02,428,430.45,428.225
,306551,0.4858,1.18,0.01,1.24,0.01,1698984000000,36346,2023-11-03,433,435.03,433.87
,566333,0.6806,0.87,0.01,1.45,0.01,1699246800000,71346,2023-11-06,435,435.27,435.28
,421780,0.3694,1.13,0.01,1.85,0.01,1699333200000,47536,2023-11-07,436,437.02,436.44
,477585,0.4196,0.42,0.01,1.41,0.01,1699419600000,58951,2023-11-08,436,436.72,436.95
,414984,0.6533,0.26,1.33,2.72,0.16,1699506000000,55262,2023-11-09,436,434.08,436.51
,325770,0.3631,0.38,0.01,0.71,0.01,1699592400000,39018,2023-11-10,434,440.0,434.795
,411578,0.4376,0.93,0.01,1.28,0.01,1699851600000,45700,2023-11-13,439,440.47,439.17
,425164,0.4935,2.18,0.01,2.34,0.01,1699938000000,43054,2023-11-14,448,449.1,448.855
,522696,0.6144,1.09,0.92,1.38,0.12,1700024400000,63628,2023-11-15,450,449.17,450.7
,603466,0.5238,0.85,0.01,1.24,0.01,1700110800000,68705,2023-11-16,449,450.76,449.95
,469886,0.4955,0.86,0.01,1.27,0.01,1700197200000,49285,2023-11-17,450,,450.25
,270772,0.2553,1.08,0.01,1.08,0.01,1700456400000,29885,2023-11-20,451,454.13,451.95
,323202,0.4805,0.51,0.23,0.93,0.1,1700542800000,47218,2023-11-21,452,452.94,452.16
,401288,0.3124,0.46,0.01,0.84,0.01,1700629200000,43639,2023-11-22,454,454.94,454.96
,182306,0.1026,0.2,0.01,0.31,0.01,1700802000000,18909,2023-11-24,454,,454.99
,528870,0.2477,0.46,0.01,0.68,0.01,1701061200000,55296,2023-11-27,454,454.66,454.63
,540642,0.324,0.7,0.01,0.95,0.01,1701147600000,54109,2023-11-28,454,,454.05
,444238,0.5684,0.45,0.96,1.78,0.14,1701234000000,49376,2023-11-29,456,454.89,456.48
,600555,0.4896,0.44,0.01,0.91,0.01,1701320400000,67864,2023-11-30,454,456.06,454.81
,329847,0.337,0.8,0.01,1.01,0.01,1701406800000,33065,2023-12-01,455,459.31,455.68
,277886,0.2069,0.36,0.01,0.54,0.01,1701666000000,27177,2023-12-04,454,,454.815
,516253,0.4625,1.38,0.01,1.6,0.01,1701752400000,51321,2023-12-05,456,456.32,456.38
,367239,0.6993,0.25,2.32,3.07,0.24,1701838800000,45964,2023-12-06,457,,457.13
,579640,0.3841,0.9,0.01,1.2,0.01,1701925200000,56519,2023-12-07,457,457.81,457.98
,386938,0.5248,1.99,0.01,2.18,0.01,1702011600000,44368,2023-12-08,459,460.11,459.86
,267744,0.2024,0.59,0.01,0.59,0.01,1702270800000,28917,2023-12-11,459,461.96,459.69
,256825,0.36,0.68,0.01,1.18,0.01,1702357200000,29724,2023-12-12,461,464.16,461.63
,200470,0.6745,1.01,0.01,1.26,0.01,1702443600000,26329,2023-12-13,464,470.44,464.48
,370665,0.7724,0.93,0.49,2.87,0.1,1702530000000,44702,2023-12-14,472,472.0,472.5
,475416,0.4665,0.9,0.01,1.13,0.01,1702616400000,48590,2023-12-15,469,469.36,469.48
,170047,0.1634,0.42,0.01,0.47,0.01,1702875600000,18186,2023-12-18,470,472.01,470.96
,199660,0.145,0.48,0.01,0.56,0.01,1702962000000,18392,2023-12-19,472,474.81,472.53
,212019,0.5702,0.46,5.55,6.52,0.01,1703048400000,17593,2023-12-20,473,467.97,473.92
,352919,0.8689,0.9,0.01,2.36,0.01,1703134800000,39468,2023-12-21,471,472.67,471.31
,527523,0.3792,0.7,0.07,1.6,0.02,1703221200000,46477,2023-12-22,473,473.62,473.86
,340773,0.2744,0.82,0.01,0.87,0.01,1703566800000,38120,2023-12-26,474,475.59,474.06
,550028,0.3488,0.58,0.01,0.91,0.01,1703653200000,57456,2023-12-27,475,476.5,475.42
,376758,0.2202,0.49,0.01,0.51,0.01,1703739600000,35234,2023-12-28,476,476.68,476.85
,230738,0.8802,0.74,1.16,2.78,0.37,1703826000000,28674,2023-12-29,476,475.35,476.5
,402730,0.5821,0.99,0.01,1.53,0.01,1704171600000,48146,2024-01-02,472,472.6,472.16
,402328,0.8273,0.77,1.29,1.83,0.2,1704258000000,52409,2024-01-03,470,468.73,470.42
,491105,0.2744,0.86,0.78,0.94,0.06,1704344400000,48734,2024-01-04,468,467.27,468.3
,472667,0.4181,0.93,0.01,1.05,0.01,1704430800000,51146,2024-01-05,467,467.96,467.49
,250811,0.239,0.7,0.01,0.75,0.01,1704690000000,26905,2024-01-08,468,474.55,468.41
,243755,0.3103,0.48,0.01,0.84,0.01,1704776400000,29733,2024-01-09,471,473.84,471.86
,374002,0.3681,0.76,0.01,0.91,0.01,1704862800000,48569,2024-01-10,474,476.52,474.14
,113761,1.2712,0.83,0.69,4.75,0.38,1704949200000,14905,2024-01-11,477,476.31,477.58
,319698,0.9171,0.68,0.63,2.11,0.23,1705035600000,40279,2024-01-12,477,476.66,477.83
